[{
        "id": 1,
        "title": "Tamouil",
        "subtitle": "La facilité d'achat",
        "image": "/assets/img/slider/single-slide-1.png",
        "url": "/shop-grid-standard"
    },
    {
        "id": 2,
        "title": "Tamouil Sayara",
        "subtitle": "",
        "image": "/assets/img/slider/car.png",
        "url": "/shop-grid-standard"
    }, {
        "id": 3,
        "title": "Tamouil Menzel",
        "subtitle": "",
        "image": "/assets/img/slider/home.png",
        "url": "/shop-grid-standard"
    }, {
        "id": 4,
        "title": "Tamouil Rahalet",
        "subtitle": "",
        "image": "/assets/img/slider/travel.png",
        "url": "/shop-grid-standard"
    }

]